status_id,status_message,link_name,status_type,status_link,status_published
494603737403659_565625676968131,,Timeline Photos,photo,https://www.facebook.com/nearlyvisible/photos/a.494606730736693.1073741828.494603737403659/565625676968131/?type=3,2016-12-01 00:47:27
494603737403659_564650873732278,,Timeline Photos,photo,https://www.facebook.com/nearlyvisible/photos/a.494606730736693.1073741828.494603737403659/564650873732278/?type=3,2016-11-28 21:46:45
494603737403659_564623747068324,,Timeline Photos,photo,https://www.facebook.com/nearlyvisible/photos/a.494606730736693.1073741828.494603737403659/564623747068324/?type=3,2016-11-28 20:18:04
494603737403659_563195197211179,,Timeline Photos,photo,https://www.facebook.com/nearlyvisible/photos/a.494606730736693.1073741828.494603737403659/563195197211179/?type=3,2016-11-26 01:22:56
494603737403659_561807300683302,,Timeline Photos,photo,https://www.facebook.com/nearlyvisible/photos/a.494606730736693.1073741828.494603737403659/561807300683302/?type=3,2016-11-22 21:20:58
494603737403659_561386407392058,,Timeline Photos,photo,https://www.facebook.com/nearlyvisible/photos/a.494606730736693.1073741828.494603737403659/561386407392058/?type=3,2016-11-21 21:11:06
494603737403659_561386337392065,,Timeline Photos,photo,https://www.facebook.com/nearlyvisible/photos/a.494606730736693.1073741828.494603737403659/561386337392065/?type=3,2016-11-21 21:10:47
494603737403659_559946817536017,,Timeline Photos,photo,https://www.facebook.com/nearlyvisible/photos/a.494606730736693.1073741828.494603737403659/559946817536017/?type=3,2016-11-18 17:50:04
494603737403659_559628530901179,,A I R S H I P 我吸,photo,https://www.facebook.com/airshipstarcruiser/photos/a.209353205940654.1073741828.209351605940814/551239335085371/?type=3,2016-11-18 02:46:13
494603737403659_559505847580114,,Timeline Photos,photo,https://www.facebook.com/nearlyvisible/photos/a.494606730736693.1073741828.494603737403659/559505847580114/?type=3,2016-11-17 18:05:22
494603737403659_559106630953369,,Timeline Photos,photo,https://www.facebook.com/nearlyvisible/photos/a.494606730736693.1073741828.494603737403659/559106630953369/?type=3,2016-11-16 19:53:57
494603737403659_557241584473207,,Sᴇʟᴇᴄᴛᴇᴅ Aᴍʙɪᴇɴᴛ Mᴇᴍᴇs Vᴏʟ. III,photo,https://www.facebook.com/SelectedAmbientMemesV3/photos/a.633418346806451.1073741827.633416140140005/705490502932568/?type=3,2016-11-12 14:16:33
494603737403659_557238377806861,,Timeline Photos,photo,https://www.facebook.com/nearlyvisible/photos/a.494606730736693.1073741828.494603737403659/557238377806861/?type=3,2016-11-12 14:04:27
494603737403659_555186238012075,,Timeline Photos,photo,https://www.facebook.com/nearlyvisible/photos/a.494606730736693.1073741828.494603737403659/555186238012075/?type=3,2016-11-08 00:33:23
494603737403659_554981974699168,,Timeline Photos,photo,https://www.facebook.com/nearlyvisible/photos/a.494606730736693.1073741828.494603737403659/554981974699168/?type=3,2016-11-07 12:25:38
494603737403659_553306001533432,,Timeline Photos,photo,https://www.facebook.com/nearlyvisible/photos/a.494606730736693.1073741828.494603737403659/553306001533432/?type=3,2016-11-04 00:57:15
494603737403659_552696784927687,,FRIENDS (TV Show),photo,https://www.facebook.com/friends.tv/photos/a.73474149575.77103.22577904575/10153928937684576/?type=3,2016-11-02 22:17:24
494603737403659_552626448268054,,Timeline Photos,photo,https://www.facebook.com/nearlyvisible/photos/a.494606730736693.1073741828.494603737403659/552626448268054/?type=3,2016-11-02 18:41:56
494603737403659_552555254941840,,Timeline Photos,photo,https://www.facebook.com/nearlyvisible/photos/a.494606730736693.1073741828.494603737403659/552555254941840/?type=3,2016-11-02 15:15:02
494603737403659_552090574988308,,Timeline Photos,photo,https://www.facebook.com/nearlyvisible/photos/a.494606730736693.1073741828.494603737403659/552090574988308/?type=3,2016-11-01 17:49:14
494603737403659_551962401667792,,Chris,photo,https://www.facebook.com/photo.php?fbid=1177890325604032&set=o.637782896318247&type=3,2016-11-01 11:27:46
494603737403659_551639058366793,when you listen to Avril 14th by aphex twin,Timeline Photos,photo,https://www.facebook.com/nearlyvisible/photos/a.494606730736693.1073741828.494603737403659/551639058366793/?type=3,2016-10-31 21:41:28
494603737403659_551591688371530,,Nearly visible images's cover photo,photo,https://www.facebook.com/nearlyvisible/photos/a.494605467403486.1073741827.494603737403659/551591668371532/?type=3,2016-10-31 19:21:58
494603737403659_551591538371545,,Timeline Photos,photo,https://www.facebook.com/nearlyvisible/photos/a.494606730736693.1073741828.494603737403659/551591538371545/?type=3,2016-10-31 19:21:27
494603737403659_551577775039588,,Timeline Photos,photo,https://www.facebook.com/nearlyvisible/photos/a.494606730736693.1073741828.494603737403659/551577775039588/?type=3,2016-10-31 18:28:00
494603737403659_551546181709414,,Timeline Photos,photo,https://www.facebook.com/nearlyvisible/photos/a.494606730736693.1073741828.494603737403659/551546181709414/?type=3,2016-10-31 16:48:32
494603737403659_551065885090777,"At last,
a chance       to witness     pure detail
          the void            is warm
            the macro    the micro
                        together  

apart",Earth clues,link,https://www.facebook.com/materialstatic/,2016-10-30 18:39:11
494603737403659_551050661758966,,Timeline Photos,photo,https://www.facebook.com/nearlyvisible/photos/a.494606730736693.1073741828.494603737403659/551050661758966/?type=3,2016-10-30 18:23:36
494603737403659_551020648428634,,Timeline Photos,photo,https://www.facebook.com/nearlyvisible/photos/a.494606730736693.1073741828.494603737403659/551020648428634/?type=3,2016-10-30 16:56:48
494603737403659_551020178428681,,Nearly visible images,photo,https://www.facebook.com/nearlyvisible/photos/a.494604990736867.1073741825.494603737403659/551020178428681/?type=3,2016-10-30 16:55:13
494603737403659_551020158428683,,Nearly visible images,photo,https://www.facebook.com/nearlyvisible/photos/a.494604990736867.1073741825.494603737403659/551020141762018/?type=3,2016-10-30 16:55:07
494603737403659_551019995095366,,Timeline Photos,photo,https://www.facebook.com/nearlyvisible/photos/a.494606730736693.1073741828.494603737403659/551019995095366/?type=3,2016-10-30 16:54:08
494603737403659_533327516864614,,Timeline Photos,photo,https://www.facebook.com/nearlyvisible/photos/a.494606730736693.1073741828.494603737403659/533327516864614/?type=3,2016-09-21 16:32:59
494603737403659_533327190197980,,Timeline Photos,photo,https://www.facebook.com/nearlyvisible/photos/a.494606730736693.1073741828.494603737403659/533327190197980/?type=3,2016-09-21 16:31:12
494603737403659_520706474793385,,Timeline Photos,photo,https://www.facebook.com/nearlyvisible/photos/a.494606730736693.1073741828.494603737403659/520706474793385/?type=3,2016-08-23 01:24:14
494603737403659_520218058175560,,Timeline Photos,photo,https://www.facebook.com/nearlyvisible/photos/a.494606730736693.1073741828.494603737403659/520218058175560/?type=3,2016-08-21 21:29:09
494603737403659_519268188270547,,Timeline Photos,photo,https://www.facebook.com/nearlyvisible/photos/a.494606730736693.1073741828.494603737403659/519268188270547/?type=3,2016-08-20 00:44:25
494603737403659_519078641622835,,Timeline Photos,photo,https://www.facebook.com/nearlyvisible/photos/a.494606730736693.1073741828.494603737403659/519078641622835/?type=3,2016-08-19 12:06:58
494603737403659_519077894956243,,Ｖｉｒｔｕａｌ Ｅｘｐｅｒｉｅｎｃｅｓ  イキがいい,photo,https://www.facebook.com/painwave/photos/a.412123105653827.1073741828.412118745654263/521651871367616/?type=3,2016-08-19 12:05:38
494603737403659_519069578290408,,Eric Whitacre,photo,https://www.facebook.com/EricWhitacreOfficial/photos/a.430284587228.203103.6290062228/10154488778477229/?type=3,2016-08-19 11:48:26
494603737403659_517812241749475,,Timeline Photos,photo,https://www.facebook.com/nearlyvisible/photos/a.494606730736693.1073741828.494603737403659/517812241749475/?type=3,2016-08-16 09:56:17
494603737403659_517658611764838,,Timeline Photos,photo,https://www.facebook.com/nearlyvisible/photos/a.494606730736693.1073741828.494603737403659/517658611764838/?type=3,2016-08-16 01:18:59
494603737403659_517257795138253,,Ｖｉｒｔｕａｌ Ｅｘｐｅｒｉｅｎｃｅｓ  イキがいい,photo,https://www.facebook.com/painwave/photos/a.412123105653827.1073741828.412118745654263/519610604905076/?type=3,2016-08-14 23:26:30
494603737403659_517156531815046,,Timeline Photos,photo,https://www.facebook.com/nearlyvisible/photos/a.494606730736693.1073741828.494603737403659/517156531815046/?type=3,2016-08-14 16:46:23
494603737403659_517137678483598,,Timeline Photos,photo,https://www.facebook.com/nearlyvisible/photos/a.494606730736693.1073741828.494603737403659/517137678483598/?type=3,2016-08-14 15:17:25
494603737403659_516415988555767,,Timeline Photos,photo,https://www.facebook.com/nearlyvisible/photos/a.494606730736693.1073741828.494603737403659/516415988555767/?type=3,2016-08-12 21:12:06
494603737403659_515935751937124,clop clop waht's 4 lunch ;),Timeline Photos,photo,https://www.facebook.com/nearlyvisible/photos/a.494606730736693.1073741828.494603737403659/515935751937124/?type=3,2016-08-11 14:55:15
494603737403659_515935181937181,"hey everyonne,
it seems like there an awful lote of memes around these days.
in fact this is an illusion and you are often seeing memes that are only in your head.
after careful research and study i have proven the existance of the Great Big Four memes, or GBF as i like to say hear around the office. These are the only four memes that there are.",Timeline Photos,photo,https://www.facebook.com/nearlyvisible/photos/a.494606730736693.1073741828.494603737403659/515935181937181/?type=3,2016-08-11 14:54:09
494603737403659_515870395276993,i think they're implying i should slow down a tad,Timeline Photos,photo,https://www.facebook.com/nearlyvisible/photos/a.494606730736693.1073741828.494603737403659/515870395276993/?type=3,2016-08-11 10:23:33
494603737403659_515620045302028,clear the poop deck,Timeline Photos,photo,https://www.facebook.com/nearlyvisible/photos/a.494606730736693.1073741828.494603737403659/515620045302028/?type=3,2016-08-10 21:23:47
494603737403659_515532718644094,,Timeline Photos,photo,https://www.facebook.com/nearlyvisible/photos/a.494606730736693.1073741828.494603737403659/515532718644094/?type=3,2016-08-10 14:50:18
494603737403659_515267702003929,,Timeline Photos,photo,https://www.facebook.com/nearlyvisible/photos/a.494606730736693.1073741828.494603737403659/515267702003929/?type=3,2016-08-09 22:20:05
494603737403659_515139452016754,,Timeline Photos,photo,https://www.facebook.com/nearlyvisible/photos/a.494606730736693.1073741828.494603737403659/515139452016754/?type=3,2016-08-09 13:07:38
494603737403659_514886192042080,,Timeline Photos,photo,https://www.facebook.com/nearlyvisible/photos/a.494606730736693.1073741828.494603737403659/514886192042080/?type=3,2016-08-08 21:16:29
494603737403659_514883525375680,,Timeline Photos,photo,https://www.facebook.com/nearlyvisible/photos/a.494606730736693.1073741828.494603737403659/514883525375680/?type=3,2016-08-08 21:06:35
494603737403659_514882655375767,,Timeline Photos,photo,https://www.facebook.com/nearlyvisible/photos/a.494606730736693.1073741828.494603737403659/514882655375767/?type=3,2016-08-08 21:02:16
494603737403659_514808042049895,,Timeline Photos,photo,https://www.facebook.com/nearlyvisible/photos/a.494606730736693.1073741828.494603737403659/514808042049895/?type=3,2016-08-08 14:58:38
494603737403659_514751358722230,,Timeline Photos,photo,https://www.facebook.com/nearlyvisible/photos/a.494606730736693.1073741828.494603737403659/514751358722230/?type=3,2016-08-08 11:16:13
494603737403659_514584135405619,,67.media.tumblr.com,link,https://67.media.tumblr.com/e0e7c8daceb6bb9e8cf022526c9a9b5c/tumblr_mw93w8jQm41sped3xo1_500.gif,2016-08-07 23:20:43
494603737403659_514561042074595,in the club like,Timeline Photos,photo,https://www.facebook.com/nearlyvisible/photos/a.494606730736693.1073741828.494603737403659/514561042074595/?type=3,2016-08-07 21:39:45
494603737403659_514555455408487,,Timeline Photos,photo,https://www.facebook.com/nearlyvisible/photos/a.494606730736693.1073741828.494603737403659/514555455408487/?type=3,2016-08-07 21:15:12
494603737403659_514500695413963,,Timeline Photos,photo,https://www.facebook.com/nearlyvisible/photos/a.494606730736693.1073741828.494603737403659/514500695413963/?type=3,2016-08-07 17:48:16
494603737403659_514395108757855,,Timeline Photos,photo,https://www.facebook.com/nearlyvisible/photos/a.494606730736693.1073741828.494603737403659/514395108757855/?type=3,2016-08-07 11:10:40
494603737403659_514035092127190,i'm not like other girls,Timeline Photos,photo,https://www.facebook.com/nearlyvisible/photos/a.494606730736693.1073741828.494603737403659/514035092127190/?type=3,2016-08-06 13:02:20
494603737403659_513315922199107,,Timeline Photos,photo,https://www.facebook.com/nearlyvisible/photos/a.494606730736693.1073741828.494603737403659/513315922199107/?type=3,2016-08-04 13:15:11
494603737403659_512626925601340,c ro p p,Timeline Photos,photo,https://www.facebook.com/nearlyvisible/photos/a.494606730736693.1073741828.494603737403659/512626925601340/?type=3,2016-08-02 15:32:19
494603737403659_512567302273969,,Timeline Photos,photo,https://www.facebook.com/nearlyvisible/photos/a.494606730736693.1073741828.494603737403659/512567302273969/?type=3,2016-08-02 11:01:03
494603737403659_512164335647599,,Timeline Photos,photo,https://www.facebook.com/nearlyvisible/photos/a.494606730736693.1073741828.494603737403659/512164335647599/?type=3,2016-08-01 08:51:08
494603737403659_511963569001009,,Non-existent existentialist memes,photo,https://www.facebook.com/NEEMEMES/photos/a.1503012076578588.1073741827.1503011289912000/1758526887693771/?type=3,2016-07-31 18:52:01
494603737403659_511298209067545,,Timeline Photos,photo,https://www.facebook.com/nearlyvisible/photos/a.494606730736693.1073741828.494603737403659/511298209067545/?type=3,2016-07-29 21:28:18
494603737403659_511188955745137,,Nearly visible images's cover photo,photo,https://www.facebook.com/nearlyvisible/photos/a.494605467403486.1073741827.494603737403659/511188932411806/?type=3,2016-07-29 12:53:42
494603737403659_511188355745197,"lol evvery time you're hanging with dad,",Timeline Photos,photo,https://www.facebook.com/nearlyvisible/photos/a.494606730736693.1073741828.494603737403659/511188355745197/?type=3,2016-07-29 12:50:32
494603737403659_511176935746339,,Timeline Photos,photo,https://www.facebook.com/nearlyvisible/photos/a.494606730736693.1073741828.494603737403659/511176935746339/?type=3,2016-07-29 12:38:03
494603737403659_510953599102006,,Timeline Photos,photo,https://www.facebook.com/nearlyvisible/photos/a.494606730736693.1073741828.494603737403659/510953599102006/?type=3,2016-07-28 21:22:28
494603737403659_510952672435432,,Timeline Photos,photo,https://www.facebook.com/nearlyvisible/photos/a.494606730736693.1073741828.494603737403659/510952672435432/?type=3,2016-07-28 21:15:57
494603737403659_510597929137573,"Looking back on this page so far, I could actually view some of the images. Friggin amateur hour. For now on we're setting a new standard of low visibility.",,status,,2016-07-27 23:56:38
494603737403659_510597552470944,,Timeline Photos,photo,https://www.facebook.com/nearlyvisible/photos/a.494606730736693.1073741828.494603737403659/510597552470944/?type=3,2016-07-27 23:52:59
494603737403659_510597462470953,,Nearly visible images,photo,https://www.facebook.com/nearlyvisible/photos/a.494604990736867.1073741825.494603737403659/510597439137622/?type=3,2016-07-27 23:52:14
494603737403659_510567775807255,,Timeline Photos,photo,https://www.facebook.com/nearlyvisible/photos/a.494606730736693.1073741828.494603737403659/510567775807255/?type=3,2016-07-27 23:23:29
494603737403659_510567649140601,,67.media.tumblr.com,link,http://67.media.tumblr.com/d2e99e38e48d13b4fd412717d7878611/tumblr_oahrc7VTFm1s02vreo1_400.gif,2016-07-27 23:22:46
494603737403659_510413355822697,the path to heaven is paved with broken glass,Timeline Photos,photo,https://www.facebook.com/nearlyvisible/photos/a.494606730736693.1073741828.494603737403659/510413355822697/?type=3,2016-07-27 11:42:00
494603737403659_510066079190758,,Timeline Photos,photo,https://www.facebook.com/nearlyvisible/photos/a.494606730736693.1073741828.494603737403659/510066079190758/?type=3,2016-07-26 12:13:22
494603737403659_510065979190768,okay daddy,media.giphy.com,link,https://media.giphy.com/media/aKJ3fE93YQTle/giphy.gif,2016-07-26 12:12:52
494603737403659_509729062557793,Return me to the womb,Timeline Photos,photo,https://www.facebook.com/nearlyvisible/photos/a.494606730736693.1073741828.494603737403659/509729062557793/?type=3,2016-07-25 19:01:03
494603737403659_509301582600541,,Timeline Photos,photo,https://www.facebook.com/nearlyvisible/photos/a.494606730736693.1073741828.494603737403659/509301582600541/?type=3,2016-07-24 14:50:42
494603737403659_509296662601033,treat yourself,Timeline Photos,photo,https://www.facebook.com/nearlyvisible/photos/a.494606730736693.1073741828.494603737403659/509296662601033/?type=3,2016-07-24 14:36:08
494603737403659_508818919315474,,Timeline Photos,photo,https://www.facebook.com/nearlyvisible/photos/a.494606730736693.1073741828.494603737403659/508818919315474/?type=3,2016-07-23 10:07:05
494603737403659_508527099344656,,Vic Firth,photo,https://www.facebook.com/vicfirth.company/photos/a.136601613030430.19117.115648111792447/1230675663623014/?type=3,2016-07-22 14:47:51
494603737403659_508526576011375,,Timeline Photos,photo,https://www.facebook.com/nearlyvisible/photos/a.494606730736693.1073741828.494603737403659/508526576011375/?type=3,2016-07-22 14:45:39
494603737403659_507750439422322,,Timeline Photos,photo,https://www.facebook.com/nearlyvisible/photos/a.494606730736693.1073741828.494603737403659/507750439422322/?type=3,2016-07-20 11:31:45
494603737403659_507575409439825,,Timeline Photos,photo,https://www.facebook.com/nearlyvisible/photos/a.494606730736693.1073741828.494603737403659/507575409439825/?type=3,2016-07-19 23:13:36
494603737403659_507463019451064,,Timeline Photos,photo,https://www.facebook.com/nearlyvisible/photos/a.494606730736693.1073741828.494603737403659/507463019451064/?type=3,2016-07-19 14:26:37
494603737403659_504411359756230,,Timeline Photos,photo,https://www.facebook.com/nearlyvisible/photos/a.494606730736693.1073741828.494603737403659/504411359756230/?type=3,2016-07-10 14:49:01
494603737403659_504022496461783,,Timeline Photos,photo,https://www.facebook.com/nearlyvisible/photos/a.494606730736693.1073741828.494603737403659/504022496461783/?type=3,2016-07-09 09:06:51
494603737403659_504022179795148,,Paul McCartney,photo,https://www.facebook.com/PaulMcCartney/photos/a.488766413312.281294.182736663312/10154437096358313/?type=3,2016-07-09 09:05:56
494603737403659_503880559809310,what it's like to search for good memes in 2016,Timeline Photos,photo,https://www.facebook.com/nearlyvisible/photos/a.494606730736693.1073741828.494603737403659/503880559809310/?type=3,2016-07-08 22:48:15
494603737403659_503876979809668,thanks for 1300 likes fam,Timeline Photos,photo,https://www.facebook.com/nearlyvisible/photos/a.494606730736693.1073741828.494603737403659/503876979809668/?type=3,2016-07-08 22:35:36
494603737403659_503446336519399,hehe jus creepin,Timeline Photos,photo,https://www.facebook.com/nearlyvisible/photos/a.494606730736693.1073741828.494603737403659/503446336519399/?type=3,2016-07-07 16:33:57
494603737403659_503446213186078,,Timeline Photos,photo,https://www.facebook.com/nearlyvisible/photos/a.494606730736693.1073741828.494603737403659/503446213186078/?type=3,2016-07-07 16:33:17
494603737403659_503235433207156,when ur friend wears ur bands shirt around u too obviously,Timeline Photos,photo,https://www.facebook.com/nearlyvisible/photos/a.494606730736693.1073741828.494603737403659/503235433207156/?type=3,2016-07-06 22:24:28
494603737403659_503228346541198,,Timeline Photos,photo,https://www.facebook.com/nearlyvisible/photos/a.494606730736693.1073741828.494603737403659/503228346541198/?type=3,2016-07-06 21:54:02
494603737403659_502947643235935,,beeple,photo,https://www.facebook.com/beeple/photos/a.10150428845566781.356955.95211636780/10153585434846781/?type=3,2016-07-05 22:05:24
494603737403659_502939399903426,when bae leaves a message in the bathroom <333 <4,Timeline Photos,photo,https://www.facebook.com/nearlyvisible/photos/a.494606730736693.1073741828.494603737403659/502939399903426/?type=3,2016-07-05 21:22:07
494603737403659_502939296570103,,Timeline Photos,photo,https://www.facebook.com/nearlyvisible/photos/a.494606730736693.1073741828.494603737403659/502939296570103/?type=3,2016-07-05 21:21:31
494603737403659_502939086570124,,Timeline Photos,photo,https://www.facebook.com/nearlyvisible/photos/a.494606730736693.1073741828.494603737403659/502939086570124/?type=3,2016-07-05 21:21:03
494603737403659_502817283248971,,Timeline Photos,photo,https://www.facebook.com/nearlyvisible/photos/a.494606730736693.1073741828.494603737403659/502817283248971/?type=3,2016-07-05 11:05:03
494603737403659_502397199957646,,Timeline Photos,photo,https://www.facebook.com/nearlyvisible/photos/a.494606730736693.1073741828.494603737403659/502397199957646/?type=3,2016-07-04 06:11:31
494603737403659_502202246643808,,Poisonous Ｍ ｅ ｍ ｅ ｓ,photo,https://www.facebook.com/152598475138478/photos/a.152613008470358.1073741828.152598475138478/186532981745027/?type=3,2016-07-03 14:26:00
494603737403659_502198093310890,,Timeline Photos,photo,https://www.facebook.com/nearlyvisible/photos/a.494606730736693.1073741828.494603737403659/502198093310890/?type=3,2016-07-03 14:05:10
494603737403659_502198019977564,,Timeline Photos,photo,https://www.facebook.com/nearlyvisible/photos/a.494606730736693.1073741828.494603737403659/502198019977564/?type=3,2016-07-03 14:04:55
494603737403659_501509663379733,,Timeline Photos,photo,https://www.facebook.com/nearlyvisible/photos/a.494606730736693.1073741828.494603737403659/501509663379733/?type=3,2016-07-01 09:06:34
494603737403659_501504123380287,,Timeline Photos,photo,https://www.facebook.com/nearlyvisible/photos/a.494606730736693.1073741828.494603737403659/501504123380287/?type=3,2016-07-01 08:36:40
494603737403659_501169833413716,,Chad Smith,photo,https://www.facebook.com/RHCPChad/photos/a.167699583294618.43143.163973960333847/1112052015526032/?type=3,2016-06-30 09:16:42
494603737403659_501032756760757,bub bub time for doggo,Timeline Photos,photo,https://www.facebook.com/nearlyvisible/photos/a.494606730736693.1073741828.494603737403659/501032756760757/?type=3,2016-06-29 22:03:17
494603737403659_500988793431820,bi-annual tip test :'(,Timeline Photos,photo,https://www.facebook.com/nearlyvisible/photos/a.494606730736693.1073741828.494603737403659/500988793431820/?type=3,2016-06-29 18:59:55
494603737403659_500872660110100,,Timeline Photos,photo,https://www.facebook.com/nearlyvisible/photos/a.494606730736693.1073741828.494603737403659/500872660110100/?type=3,2016-06-29 10:24:51
494603737403659_500690293461670,,Timeline Photos,photo,https://www.facebook.com/nearlyvisible/photos/a.494606730736693.1073741828.494603737403659/500690293461670/?type=3,2016-06-28 19:05:43
494603737403659_500690230128343,,Timeline Photos,photo,https://www.facebook.com/nearlyvisible/photos/a.494606730736693.1073741828.494603737403659/500690230128343/?type=3,2016-06-28 19:05:10
494603737403659_500690160128350,,Timeline Photos,photo,https://www.facebook.com/nearlyvisible/photos/a.494606730736693.1073741828.494603737403659/500690160128350/?type=3,2016-06-28 19:04:23
494603737403659_500571150140251,,Timeline Photos,photo,https://www.facebook.com/nearlyvisible/photos/a.494606730736693.1073741828.494603737403659/500571150140251/?type=3,2016-06-28 09:10:26
494603737403659_500446360152730,,Nearly visible images's cover photo,photo,https://www.facebook.com/nearlyvisible/photos/a.494605467403486.1073741827.494603737403659/500446336819399/?type=3,2016-06-27 22:41:23
494603737403659_500446233486076,,Timeline Photos,photo,https://www.facebook.com/nearlyvisible/photos/a.494606730736693.1073741828.494603737403659/500446233486076/?type=3,2016-06-27 22:40:47
494603737403659_500431000154266,,Timeline Photos,photo,https://www.facebook.com/nearlyvisible/photos/a.494606730736693.1073741828.494603737403659/500431000154266/?type=3,2016-06-27 21:34:30
494603737403659_500393373491362,,Timeline Photos,photo,https://www.facebook.com/nearlyvisible/photos/a.494606730736693.1073741828.494603737403659/500393373491362/?type=3,2016-06-27 18:52:32
494603737403659_500393320158034,,Timeline Photos,photo,https://www.facebook.com/nearlyvisible/photos/a.494606730736693.1073741828.494603737403659/500393320158034/?type=3,2016-06-27 18:52:10
494603737403659_500317706832262,,The first trillion digits of pi: one a day,photo,https://www.facebook.com/TrillionDigitsOfPi/photos/a.608189832689286.1073741828.608188859356050/608189892689280/?type=3,2016-06-27 11:55:34
494603737403659_500316380165728,,Timeline Photos,photo,https://www.facebook.com/nearlyvisible/photos/a.494606730736693.1073741828.494603737403659/500316380165728/?type=3,2016-06-27 11:50:34
494603737403659_500316293499070,ffoolish ffrends,Timeline Photos,photo,https://www.facebook.com/nearlyvisible/photos/a.494606730736693.1073741828.494603737403659/500316293499070/?type=3,2016-06-27 11:50:11
494603737403659_500130126851020,,Timeline Photos,photo,https://www.facebook.com/nearlyvisible/photos/a.494606730736693.1073741828.494603737403659/500130126851020/?type=3,2016-06-26 20:36:08
494603737403659_500082536855779,,Timeline Photos,photo,https://www.facebook.com/nearlyvisible/photos/a.494606730736693.1073741828.494603737403659/500082536855779/?type=3,2016-06-26 17:22:16
494603737403659_500068843523815,,Timeline Photos,photo,https://www.facebook.com/nearlyvisible/photos/a.494606730736693.1073741828.494603737403659/500068843523815/?type=3,2016-06-26 16:02:28
494603737403659_500058920191474,,Timeline Photos,photo,https://www.facebook.com/nearlyvisible/photos/a.494606730736693.1073741828.494603737403659/500058920191474/?type=3,2016-06-26 15:12:49
494603737403659_499829160214450,,Timeline Photos,photo,https://www.facebook.com/nearlyvisible/photos/a.494606730736693.1073741828.494603737403659/499829160214450/?type=3,2016-06-25 23:25:45
494603737403659_499829080214458,,Timeline Photos,photo,https://www.facebook.com/nearlyvisible/photos/a.494606730736693.1073741828.494603737403659/499829080214458/?type=3,2016-06-25 23:24:56
494603737403659_499650720232294,I found this saved on my phone and I have literally no recollection of saving it or even seeing it before ;-(((( pretty spooked tbh,Timeline Photos,photo,https://www.facebook.com/nearlyvisible/photos/a.494606730736693.1073741828.494603737403659/499650720232294/?type=3,2016-06-25 12:09:57
494603737403659_499619520235414,,Timeline Photos,photo,https://www.facebook.com/nearlyvisible/photos/a.494606730736693.1073741828.494603737403659/499619520235414/?type=3,2016-06-25 10:00:46
494603737403659_499481556915877,,Timeline Photos,photo,https://www.facebook.com/nearlyvisible/photos/a.494606730736693.1073741828.494603737403659/499481556915877/?type=3,2016-06-24 23:15:56
494603737403659_499481446915888,,Timeline Photos,photo,https://www.facebook.com/nearlyvisible/photos/a.494606730736693.1073741828.494603737403659/499481446915888/?type=3,2016-06-24 23:15:26
494603737403659_499341820263184,,Timeline Photos,photo,https://www.facebook.com/nearlyvisible/photos/a.494606730736693.1073741828.494603737403659/499341820263184/?type=3,2016-06-24 11:05:50
494603737403659_499331473597552,,Timeline Photos,photo,https://www.facebook.com/nearlyvisible/photos/a.494606730736693.1073741828.494603737403659/499331473597552/?type=3,2016-06-24 10:20:31
494603737403659_499289016935131,,Timeline Photos,photo,https://www.facebook.com/nearlyvisible/photos/a.494606730736693.1073741828.494603737403659/499289016935131/?type=3,2016-06-24 08:40:58
494603737403659_499123033618396,,Timeline Photos,photo,https://www.facebook.com/nearlyvisible/photos/a.494606730736693.1073741828.494603737403659/499123033618396/?type=3,2016-06-23 22:51:50
494603737403659_498969060300460,,An ordinary game of pool.,link,https://m.imgur.com/DQV8w7b,2016-06-23 09:47:35
494603737403659_498952603635439,when you dnance,Timeline Photos,photo,https://www.facebook.com/nearlyvisible/photos/a.494606730736693.1073741828.494603737403659/498952603635439/?type=3,2016-06-23 08:41:43
494603737403659_498934843637215,,Timeline Photos,photo,https://www.facebook.com/nearlyvisible/photos/a.494606730736693.1073741828.494603737403659/498934843637215/?type=3,2016-06-23 07:27:23
494603737403659_498789586985074,,Timeline Photos,photo,https://www.facebook.com/nearlyvisible/photos/a.494606730736693.1073741828.494603737403659/498789586985074/?type=3,2016-06-22 19:59:40
494603737403659_498776296986403,,Timeline Photos,photo,https://www.facebook.com/nearlyvisible/photos/a.494606730736693.1073741828.494603737403659/498776296986403/?type=3,2016-06-22 18:53:08
494603737403659_498696213661078,,Timeline Photos,photo,https://www.facebook.com/nearlyvisible/photos/a.494606730736693.1073741828.494603737403659/498696213661078/?type=3,2016-06-22 12:25:41
494603737403659_498647296999303,,Timeline Photos,photo,https://www.facebook.com/nearlyvisible/photos/a.494606730736693.1073741828.494603737403659/498647296999303/?type=3,2016-06-22 09:35:22
494603737403659_498647230332643,,Timeline Photos,photo,https://www.facebook.com/nearlyvisible/photos/a.494606730736693.1073741828.494603737403659/498647230332643/?type=3,2016-06-22 09:35:00
494603737403659_498647123665987,,Timeline Photos,photo,https://www.facebook.com/nearlyvisible/photos/a.494606730736693.1073741828.494603737403659/498647123665987/?type=3,2016-06-22 09:34:27
494603737403659_498502213680478,,Nearly visible images,photo,https://www.facebook.com/nearlyvisible/photos/a.494604990736867.1073741825.494603737403659/498502193680480/?type=3,2016-06-21 21:46:45
494603737403659_498494440347922,,Timeline Photos,photo,https://www.facebook.com/nearlyvisible/photos/a.494606730736693.1073741828.494603737403659/498494440347922/?type=3,2016-06-21 21:21:08
494603737403659_498494400347926,,Timeline Photos,photo,https://www.facebook.com/nearlyvisible/photos/a.494606730736693.1073741828.494603737403659/498494400347926/?type=3,2016-06-21 21:20:48
494603737403659_498494313681268,"hey thanks for 1000 likes fam, keep sharing and caring",Timeline Photos,photo,https://www.facebook.com/nearlyvisible/photos/a.494606730736693.1073741828.494603737403659/498494313681268/?type=3,2016-06-21 21:20:15
494603737403659_498331553697544,,Timeline Photos,photo,https://www.facebook.com/nearlyvisible/photos/a.494606730736693.1073741828.494603737403659/498331553697544/?type=3,2016-06-21 09:21:15
494603737403659_498331487030884,,Timeline Photos,photo,https://www.facebook.com/nearlyvisible/photos/a.494606730736693.1073741828.494603737403659/498331487030884/?type=3,2016-06-21 09:20:59
494603737403659_498033597060673,,Timeline Photos,photo,https://www.facebook.com/nearlyvisible/photos/a.494606730736693.1073741828.494603737403659/498033597060673/?type=3,2016-06-20 07:49:58
494603737403659_498033563727343,,Timeline Photos,photo,https://www.facebook.com/nearlyvisible/photos/a.494606730736693.1073741828.494603737403659/498033563727343/?type=3,2016-06-20 07:49:45
494603737403659_498033523727347,,Timeline Photos,photo,https://www.facebook.com/nearlyvisible/photos/a.494606730736693.1073741828.494603737403659/498033523727347/?type=3,2016-06-20 07:49:23
494603737403659_496928250504541,d a i l y   d e l iv e r y,Timeline Photos,photo,https://www.facebook.com/nearlyvisible/photos/a.494606730736693.1073741828.494603737403659/496928250504541/?type=3,2016-06-16 20:49:28
494603737403659_496928130504553,,Timeline Photos,photo,https://www.facebook.com/nearlyvisible/photos/a.494606730736693.1073741828.494603737403659/496928130504553/?type=3,2016-06-16 20:48:51
494603737403659_496524660544900,,Timeline Photos,photo,https://www.facebook.com/nearlyvisible/photos/a.494606730736693.1073741828.494603737403659/496524660544900/?type=3,2016-06-15 14:44:00
494603737403659_496270473903652,,Timeline Photos,photo,https://www.facebook.com/nearlyvisible/photos/a.494606730736693.1073741828.494603737403659/496270473903652/?type=3,2016-06-14 20:04:43
494603737403659_496183710578995,,Timeline Photos,photo,https://www.facebook.com/nearlyvisible/photos/a.494606730736693.1073741828.494603737403659/496183710578995/?type=3,2016-06-14 12:38:41
494603737403659_496120653918634,,Timeline Photos,photo,https://www.facebook.com/nearlyvisible/photos/a.494606730736693.1073741828.494603737403659/496120653918634/?type=3,2016-06-14 08:48:52
494603737403659_495961817267851,,Timeline Photos,photo,https://www.facebook.com/nearlyvisible/photos/a.494606730736693.1073741828.494603737403659/495961817267851/?type=3,2016-06-13 20:56:41
494603737403659_495959007268132,,Timeline Photos,photo,https://www.facebook.com/nearlyvisible/photos/a.494606730736693.1073741828.494603737403659/495959007268132/?type=3,2016-06-13 20:39:14
494603737403659_495907820606584,,Timeline Photos,photo,https://www.facebook.com/nearlyvisible/photos/a.494606730736693.1073741828.494603737403659/495907820606584/?type=3,2016-06-13 16:03:05
494603737403659_495907667273266,,Timeline Photos,photo,https://www.facebook.com/nearlyvisible/photos/a.494606730736693.1073741828.494603737403659/495907667273266/?type=3,2016-06-13 16:02:36
494603737403659_495652937298739,,Timeline Photos,photo,https://www.facebook.com/nearlyvisible/photos/a.494606730736693.1073741828.494603737403659/495652937298739/?type=3,2016-06-12 23:53:43
494603737403659_495605750636791,bathing buddies,Timeline Photos,photo,https://www.facebook.com/nearlyvisible/photos/a.494606730736693.1073741828.494603737403659/495605750636791/?type=3,2016-06-12 20:17:51
494603737403659_495577993972900,,Timeline Photos,photo,https://www.facebook.com/nearlyvisible/photos/a.494606730736693.1073741828.494603737403659/495577993972900/?type=3,2016-06-12 17:14:57
494603737403659_495571363973563,,Timeline Photos,photo,https://www.facebook.com/nearlyvisible/photos/a.494606730736693.1073741828.494603737403659/495571363973563/?type=3,2016-06-12 16:36:49
494603737403659_495508070646559,,Timeline Photos,photo,https://www.facebook.com/nearlyvisible/photos/a.494606730736693.1073741828.494603737403659/495508070646559/?type=3,2016-06-12 11:44:58
494603737403659_495503473980352,,Timeline Photos,photo,https://www.facebook.com/nearlyvisible/photos/a.494606730736693.1073741828.494603737403659/495503473980352/?type=3,2016-06-12 11:24:47
494603737403659_495333213997378,,Timeline Photos,photo,https://www.facebook.com/nearlyvisible/photos/a.494606730736693.1073741828.494603737403659/495333213997378/?type=3,2016-06-12 00:58:58
494603737403659_495264990670867,,Timeline Photos,photo,https://www.facebook.com/nearlyvisible/photos/a.494606730736693.1073741828.494603737403659/495264990670867/?type=3,2016-06-11 18:44:36
494603737403659_495241750673191,,Timeline Photos,photo,https://www.facebook.com/nearlyvisible/photos/a.494606730736693.1073741828.494603737403659/495241750673191/?type=3,2016-06-11 16:58:33
494603737403659_495232907340742,basket,Timeline Photos,photo,https://www.facebook.com/nearlyvisible/photos/a.494606730736693.1073741828.494603737403659/495232907340742/?type=3,2016-06-11 16:08:13
494603737403659_495194470677919,,Timeline Photos,photo,https://www.facebook.com/nearlyvisible/photos/a.494606730736693.1073741828.494603737403659/495194470677919/?type=3,2016-06-11 14:33:33
494603737403659_495186430678723,,Timeline Photos,photo,https://www.facebook.com/nearlyvisible/photos/a.494606730736693.1073741828.494603737403659/495186430678723/?type=3,2016-06-11 13:43:30
494603737403659_495173110680055,,Timeline Photos,photo,https://www.facebook.com/nearlyvisible/photos/a.494606730736693.1073741828.494603737403659/495173110680055/?type=3,2016-06-11 12:58:54
494603737403659_495168937347139,,Timeline Photos,photo,https://www.facebook.com/nearlyvisible/photos/a.494606730736693.1073741828.494603737403659/495168937347139/?type=3,2016-06-11 12:37:28
494603737403659_495163150681051,,Timeline Photos,photo,https://www.facebook.com/nearlyvisible/photos/a.494606730736693.1073741828.494603737403659/495163150681051/?type=3,2016-06-11 12:26:52
494603737403659_494899824040717,,Timeline Photos,photo,https://www.facebook.com/nearlyvisible/photos/a.494606730736693.1073741828.494603737403659/494899824040717/?type=3,2016-06-10 16:24:24
494603737403659_494887594041940,,Timeline Photos,photo,https://www.facebook.com/nearlyvisible/photos/a.494606730736693.1073741828.494603737403659/494887594041940/?type=3,2016-06-10 15:02:31
494603737403659_494881210709245,,Timeline Photos,photo,https://www.facebook.com/nearlyvisible/photos/a.494606730736693.1073741828.494603737403659/494881210709245/?type=3,2016-06-10 14:37:08
494603737403659_494863110711055,"i-in-, uh, i-invite your friends to like this, uhm, p-page.",,status,,2016-06-10 14:03:41
494603737403659_494862337377799,,Timeline Photos,photo,https://www.facebook.com/nearlyvisible/photos/a.494606730736693.1073741828.494603737403659/494862337377799/?type=3,2016-06-10 13:57:40
494603737403659_494854900711876,,Timeline Photos,photo,https://www.facebook.com/nearlyvisible/photos/a.494606730736693.1073741828.494603737403659/494854900711876/?type=3,2016-06-10 13:25:40
494603737403659_494803054050394,,Timeline Photos,photo,https://www.facebook.com/nearlyvisible/photos/a.494606730736693.1073741828.494603737403659/494803054050394/?type=3,2016-06-10 11:09:11
494603737403659_494799140717452,,Timeline Photos,photo,https://www.facebook.com/nearlyvisible/photos/a.494606730736693.1073741828.494603737403659/494799140717452/?type=3,2016-06-10 10:49:53
494603737403659_494796364051063,,Ｖｉｒｔｕａｌ Ｅｘｐｅｒｉｅｎｃｅｓ  イキがいい,photo,https://www.facebook.com/painwave/photos/a.412123105653827.1073741828.412118745654263/495983290601141/?type=3,2016-06-10 10:34:30
494603737403659_494773954053304,,Nearly visible images's cover photo,photo,https://www.facebook.com/nearlyvisible/photos/a.494605467403486.1073741827.494603737403659/494773940719972/?type=3,2016-06-10 09:28:12
494603737403659_494764940720872,,ＣＤ－ＲＯＭａｎｔｉｃ,photo,https://www.facebook.com/cdromance/photos/a.637817932981410.1073741827.637782896318247/981105918652608/?type=3,2016-06-10 08:47:20
494603737403659_494762760721090,"admin pic 
[s h y g u y]",Timeline Photos,photo,https://www.facebook.com/nearlyvisible/photos/a.494606730736693.1073741828.494603737403659/494762760721090/?type=3,2016-06-10 08:36:27
494603737403659_494759614054738,,Timeline Photos,photo,https://www.facebook.com/nearlyvisible/photos/a.494606730736693.1073741828.494603737403659/494759614054738/?type=3,2016-06-10 08:20:12
494603737403659_494621427401890,this is the sign outside my house,Timeline Photos,photo,https://www.facebook.com/nearlyvisible/photos/a.494606730736693.1073741828.494603737403659/494621427401890/?type=3,2016-06-09 23:49:48
494603737403659_494615810735785,yeah i mean this is all going to be pretty rare,,status,,2016-06-09 23:11:14
494603737403659_494612834069416,,Timeline Photos,photo,https://www.facebook.com/nearlyvisible/photos/a.494606730736693.1073741828.494603737403659/494612834069416/?type=3,2016-06-09 22:50:39
494603737403659_494607547403278,,Timeline Photos,photo,https://www.facebook.com/nearlyvisible/photos/a.494606730736693.1073741828.494603737403659/494607547403278/?type=3,2016-06-09 22:37:52
494603737403659_494606697403363,welcome and observe,Timeline Photos,photo,https://www.facebook.com/nearlyvisible/photos/a.494606730736693.1073741828.494603737403659/494606697403363/?type=3,2016-06-09 22:32:35
494603737403659_494605477403485,,Nearly visible images's cover photo,photo,https://www.facebook.com/nearlyvisible/photos/a.494605467403486.1073741827.494603737403659/494605420736824/?type=3,2016-06-09 22:30:24
494603737403659_494605027403530,i'm falling,Nearly visible images,photo,https://www.facebook.com/nearlyvisible/photos/a.494604990736867.1073741825.494603737403659/494605027403530/?type=3,2016-06-09 22:28:10
